{
  "model": "70m",
  "model_name": "EleutherAI/pythia-70m",
  "d_model": 512,
  "n_layers": 6,
  "n_sequences": 200,
  "seq_len": 128,
  "positions_per_seq": 5,
  "n_dct_frequencies": 7,
  "checkpoints": {
    "0": {
      "mean_spectrum": [
        0.5552914142608643,
        0.29213082790374756,
        0.06345145404338837,
        0.04072058945894241,
        0.02221137098968029,
        0.015569712966680527,
        0.01062417309731245
      ],
      "std_spectrum": [
        0.013834728859364986,
        0.007914088666439056,
        0.0058293333277106285,
        0.0032513390760868788,
        0.00168146553914994,
        0.001257492695003748,
        0.0007877402240410447
      ],
      "cross_token_similarity": {
        "mean": 0.9994097790718078,
        "std": 0.0006972502927106993,
        "min": 0.9933879971504211,
        "n_pairs": 1000
      },
      "metrics": {
        "low_freq_ratio_mean": 0.555291707932949,
        "low_freq_ratio_std": 0.013834724818242196,
        "dc_ratio_mean": 0.555291707932949,
        "dc_ratio_std": 0.013834724818242196,
        "centroid_mean": 0.7716346218753606,
        "centroid_std": 0.03204444446975437,
        "entropy_mean": 1.1882864958047867,
        "entropy_std": 0.027849735668630787,
        "normalized_entropy_mean": 0.6106584604544396,
        "normalized_entropy_std": 0.014311932995545082,
        "top3_ratio_mean": 0.9108742181062698,
        "top3_ratio_std": 0.005588037998198765,
        "n_frequencies": 7
      },
      "n_tokens_analyzed": 1000
    },
    "128": {
      "mean_spectrum": [
        0.5338387489318848,
        0.3395431339740753,
        0.06313638389110565,
        0.025102531537413597,
        0.017812933772802353,
        0.01212028693407774,
        0.008446202613413334
      ],
      "std_spectrum": [
        0.028375938534736633,
        0.02209404669702053,
        0.012387676164507866,
        0.0036498962435871363,
        0.0023903094697743654,
        0.0016321729635819793,
        0.0009499420993961394
      ],
      "cross_token_similarity": {
        "mean": 0.99698418456316,
        "std": 0.003789218961784595,
        "min": 0.9789116978645325,
        "n_pairs": 1000
      },
      "metrics": {
        "low_freq_ratio_mean": 0.5338385327160359,
        "low_freq_ratio_std": 0.028375951170806706,
        "dc_ratio_mean": 0.5338385327160359,
        "dc_ratio_std": 0.028375951170806706,
        "centroid_mean": 0.7236539011076093,
        "centroid_std": 0.04744188309924281,
        "entropy_mean": 1.1310411803722382,
        "entropy_std": 0.03836918622893832,
        "normalized_entropy_mean": 0.5812401877452193,
        "normalized_entropy_std": 0.01971786120112767,
        "top3_ratio_mean": 0.9365180414915085,
        "top3_ratio_std": 0.0057023780641074955,
        "n_frequencies": 7
      },
      "n_tokens_analyzed": 1000
    },
    "512": {
      "mean_spectrum": [
        0.48798948526382446,
        0.31870636343955994,
        0.08775690197944641,
        0.05158451199531555,
        0.027063490822911263,
        0.016531335189938545,
        0.010367684997618198
      ],
      "std_spectrum": [
        0.025778017938137054,
        0.014675231650471687,
        0.010949320159852505,
        0.007160366978496313,
        0.0037044596392661333,
        0.001970117213204503,
        0.00104665313847363
      ],
      "cross_token_similarity": {
        "mean": 0.9977373087406158,
        "std": 0.0023997488390554156,
        "min": 0.9838230013847351,
        "n_pairs": 1000
      },
      "metrics": {
        "low_freq_ratio_mean": 0.4879895969033241,
        "low_freq_ratio_std": 0.02577802553789085,
        "dc_ratio_mean": 0.4879895969033241,
        "dc_ratio_std": 0.02577802553789085,
        "centroid_mean": 0.9020907532367856,
        "centroid_std": 0.06391840947663886,
        "entropy_mean": 1.2912684429883956,
        "entropy_std": 0.04737983179350447,
        "normalized_entropy_mean": 0.6635807124061055,
        "normalized_entropy_std": 0.02434841702043956,
        "top3_ratio_mean": 0.8944529576301574,
        "top3_ratio_std": 0.012324113225308535,
        "n_frequencies": 7
      },
      "n_tokens_analyzed": 1000
    },
    "2000": {
      "mean_spectrum": [
        0.4894358217716217,
        0.2945457398891449,
        0.10565768927335739,
        0.0506787933409214,
        0.029787756502628326,
        0.0161757692694664,
        0.013718623667955399
      ],
      "std_spectrum": [
        0.03295421600341797,
        0.027022313326597214,
        0.015882421284914017,
        0.0066153910011053085,
        0.0058593894354999065,
        0.00224621151573956,
        0.0023438027128577232
      ],
      "cross_token_similarity": {
        "mean": 0.9947639384269714,
        "std": 0.008913040965572406,
        "min": 0.9092602729797363,
        "n_pairs": 1000
      },
      "metrics": {
        "low_freq_ratio_mean": 0.4894358948469162,
        "low_freq_ratio_std": 0.03295421419403809,
        "dc_ratio_mean": 0.4894358948469162,
        "dc_ratio_std": 0.03295421419403809,
        "centroid_mean": 0.9402388126086444,
        "centroid_std": 0.07560021755038143,
        "entropy_mean": 1.3237220784425736,
        "entropy_std": 0.05041071518900481,
        "normalized_entropy_mean": 0.6802585818698796,
        "normalized_entropy_std": 0.025905982973303186,
        "top3_ratio_mean": 0.8896390673518181,
        "top3_ratio_std": 0.013448154020072453,
        "n_frequencies": 7
      },
      "n_tokens_analyzed": 1000
    },
    "8000": {
      "mean_spectrum": [
        0.5576032400131226,
        0.24108517169952393,
        0.09150028228759766,
        0.038239769637584686,
        0.037271007895469666,
        0.018218081444501877,
        0.016082771122455597
      ],
      "std_spectrum": [
        0.035786889493465424,
        0.03076312318444252,
        0.0240434929728508,
        0.010300914756953716,
        0.006970504764467478,
        0.0035951626487076283,
        0.003325606929138303
      ],
      "cross_token_similarity": {
        "mean": 0.9928639953732491,
        "std": 0.019800960790477305,
        "min": 0.8337996006011963,
        "n_pairs": 1000
      },
      "metrics": {
        "low_freq_ratio_mean": 0.5576028686165809,
        "low_freq_ratio_std": 0.035786871620052424,
        "dc_ratio_mean": 0.5576028686165809,
        "dc_ratio_std": 0.035786871620052424,
        "centroid_mean": 0.875476148955524,
        "centroid_std": 0.08693871888755093,
        "entropy_mean": 1.2662040292024612,
        "entropy_std": 0.058998964719969745,
        "normalized_entropy_mean": 0.6507001517090443,
        "normalized_entropy_std": 0.030319470171123856,
        "top3_ratio_mean": 0.8905543164014816,
        "top3_ratio_std": 0.014075806693229363,
        "n_frequencies": 7
      },
      "n_tokens_analyzed": 1000
    },
    "32000": {
      "mean_spectrum": [
        0.527699887752533,
        0.24869278073310852,
        0.09597470611333847,
        0.03757592663168907,
        0.049914613366127014,
        0.02324969321489334,
        0.016892271116375923
      ],
      "std_spectrum": [
        0.037645213305950165,
        0.030895503237843513,
        0.015826765447854996,
        0.009567778557538986,
        0.009332451969385147,
        0.004865413065999746,
        0.0038632522337138653
      ],
      "cross_token_similarity": {
        "mean": 0.9938731842041015,
        "std": 0.008320707438475532,
        "min": 0.9023805260658264,
        "n_pairs": 1000
      },
      "metrics": {
        "low_freq_ratio_mean": 0.5277000764012336,
        "low_freq_ratio_std": 0.03764520746558891,
        "dc_ratio_mean": 0.5277000764012336,
        "dc_ratio_std": 0.03764520746558891,
        "centroid_mean": 0.9706304236305877,
        "centroid_std": 0.0744497108955778,
        "entropy_mean": 1.3302923384904861,
        "entropy_std": 0.051824412032312986,