{
  "model": "410m",
  "model_name": "EleutherAI/pythia-410m",
  "d_model": 1024,
  "n_layers": 24,
  "n_sequences": 200,
  "seq_len": 128,
  "positions_per_seq": 5,
  "n_dct_frequencies": 25,
  "checkpoints": {
    "0": {
      "mean_spectrum": [
        0.5005598068237305,
        0.23480121791362762,
        0.05216648429632187,
        0.03847391903400421,
        0.02243148535490036,
        0.02128583751618862,
        0.017080921679735184,
        0.016165420413017273,
        0.013427305035293102,
        0.012454353272914886,
        0.01088910736143589,
        0.010190748609602451,
        0.008864914998412132,
        0.00797110516577959,
        0.006744971964508295,
        0.0059143779799342155,
        0.00487092649564147,
        0.004060671199113131,
        0.003178426530212164,
        0.002561192261055112,
        0.001941063441336155,
        0.0014677441213279963,
        0.0010584091069176793,
        0.0008142970036715269,
        0.0006254142499528825
      ],
      "std_spectrum": [
        0.010842475108802319,
        0.004309799987822771,
        0.002591219265013933,
        0.001593481982126832,
        0.0011821080697700381,
        0.0009096121066249907,
        0.000910504546482116,
        0.0007870998815633357,
        0.0006882784655317664,
        0.0006190573913045228,
        0.0005860825185663998,
        0.0005392687162384391,
        0.00044992018956691027,
        0.0004132915346417576,
        0.00034972940920852125,
        0.0003026178455911577,
        0.0002675139985512942,
        0.00020999103435315192,
        0.00016414758283644915,
        0.00013155204942449927,
        9.863939339993522e-05,
        6.900395965203643e-05,
        4.779456867254339e-05,
        3.6969395296182483e-05,
        2.588740608189255e-05
      ],
      "cross_token_similarity": {
        "mean": 0.9997808972597122,
        "std": 0.00025818184549901527,
        "min": 0.9972723722457886,
        "n_pairs": 1000
      },
      "metrics": {
        "low_freq_ratio_mean": 0.8697186239361763,
        "low_freq_ratio_std": 0.0060354551875043475,
        "dc_ratio_mean": 0.5005597393810749,
        "dc_ratio_std": 0.010842471698891075,
        "centroid_mean": 2.0795082596937426,
        "centroid_std": 0.07832972231262575,
        "entropy_mean": 1.7430125806331636,
        "entropy_std": 0.03537867484745131,
        "normalized_entropy_mean": 0.5414973038621433,
        "normalized_entropy_std": 0.010991003310573474,
        "top3_ratio_mean": 0.7875273987650871,
        "top3_ratio_std": 0.008737584529751102,
        "n_frequencies": 25
      },
      "n_tokens_analyzed": 1000
    },
    "128": {
      "mean_spectrum": [
        0.4945405125617981,
        0.33414676785469055,
        0.08687075972557068,
        0.03448436036705971,
        0.014992286451160908,
        0.00839651096612215,
        0.005420086905360222,
        0.0038704462349414825,
        0.002892672084271908,
        0.002346082590520382,
        0.0018868714105337858,
        0.0016019218601286411,
        0.0013343506725504994,
        0.0011658971197903156,
        0.0010007324162870646,
        0.0008425264968536794,
        0.0007381995674222708,
        0.0006396114476956427,
        0.0005697089363820851,
        0.0004956639022566378,
        0.0004341045569162816,
        0.00037618473288603127,
        0.00034063131897710264,
        0.0003144422371406108,
        0.00029886874835938215
      ],
      "std_spectrum": [
        0.04072634130716324,
        0.037553392350673676,
        0.01528251264244318,
        0.01009739376604557,
        0.006100431550294161,
        0.004253013990819454,
        0.0031266205478459597,
        0.0025423516053706408,
        0.0020542985294014215,
        0.0018028422491624951,
        0.0014540191041305661,
        0.001292748493142426,
        0.00105902215000242,
        0.0009110139217227697,
        0.0008010793244466186,
        0.0006567492382600904,
        0.0005360388895496726,
        0.00044869747944176197,
        0.0003615025198087096,
        0.00028310655034147203,
        0.00021781379473395646,
        0.00016480284102726728,
        0.0001224839361384511,
        8.577267726650462e-05,
        7.138010550988838e-05
      ],
      "cross_token_similarity": {
        "mean": 0.9930345963835716,
        "std": 0.0067425133556893915,
        "min": 0.9592253565788269,
        "n_pairs": 1000
      },
      "metrics": {
        "low_freq_ratio_mean": 0.9734309950470924,
        "low_freq_ratio_std": 0.017879564007156196,
        "dc_ratio_mean": 0.4945403489470482,
        "dc_ratio_std": 0.04072632656418069,
        "centroid_mean": 0.9923076039629232,
        "centroid_std": 0.23940268348102067,
        "entropy_mean": 1.2965855793952943,
        "entropy_std": 0.1534874859325337,
        "normalized_entropy_mean": 0.40280695806225575,
        "normalized_entropy_std": 0.04768356851380508,
        "top3_ratio_mean": 0.9155578145384788,
        "top3_ratio_std": 0.037094441889875145,
        "n_frequencies": 25
      },
      "n_tokens_analyzed": 1000
    },
    "512": {
      "mean_spectrum": [
        0.5588849782943726,
        0.3163461983203888,
        0.06594551354646683,
        0.023902684450149536,
        0.010516191832721233,
        0.0057326629757881165,
        0.003642396768555045,
        0.0025715744122862816,
        0.0019940289203077555,
        0.0017039115773513913,
        0.0013169419253244996,
        0.0011235657148063183,
        0.0009621528442949057,
        0.0008603716851212084,
        0.0007197949453257024,
        0.0006193812587298453,
        0.000533044571056962,
        0.0004899010527879,
        0.0004248716286383569,
        0.0003722922701854259,
        0.0003202199877705425,
        0.0002773604355752468,
        0.00026242798776365817,
        0.00024809653405100107,
        0.0002292041026521474
      ],
      "std_spectrum": [
        0.017084000632166862,
        0.016733482480049133,
        0.009366819635033607,
        0.004063487984240055,
        0.0022507489193230867,
        0.0015226410469040275,
        0.001106947660446167,
        0.0008987822802737355,
        0.000783671741373837,
        0.0007118486682884395,
        0.0005896406946703792,
        0.0005532300565391779,
        0.0004780489834956825,
        0.00042681003105826676,
        0.0003477732534520328,
        0.0003120561013929546,
        0.0002548587799537927,
        0.00021103292237967253,
        0.00017012518947012722,
        0.0001401179761160165,
        0.00010916383325820789,
        8.199632429750636e-05,
        6.175828457344323e-05,
        4.5128468627808616e-05,
        3.654387182905339e-05
      ],
      "cross_token_similarity": {
        "mean": 0.9987658136487008,
        "std": 0.001334716957582561,
        "min": 0.9900371432304382,
        "n_pairs": 1000
      },
      "metrics": {
        "low_freq_ratio_mean": 0.981328460752964,
        "low_freq_ratio_std": 0.007222987731849881,
        "dc_ratio_mean": 0.5588850376009941,
        "dc_ratio_std": 0.017083992644105168,
        "centroid_mean": 0.7902312988164049,
        "centroid_std": 0.09794219979723705,
        "entropy_mean": 1.1547535002231597,
        "entropy_std": 0.0695910454485056,
        "normalized_entropy_mean": 0.35874434524681986,
        "normalized_entropy_std": 0.0216196738348411,
        "top3_ratio_mean": 0.9411769331097602,
        "top3_ratio_std": 0.014120471891586339,
        "n_frequencies": 25
      },
      "n_tokens_analyzed": 1000
    },