{
  "model": "1b",
  "model_name": "EleutherAI/pythia-1b",
  "d_model": 2048,
  "n_layers": 16,
  "n_sequences": 200,
  "seq_len": 128,
  "positions_per_seq": 5,
  "n_dct_frequencies": 17,
  "checkpoints": {
    "0": {
      "mean_spectrum": [
        0.5187441110610962,
        0.253689169883728,
        0.05579013377428055,
        0.04063298553228378,
        0.024964071810245514,
        0.022884255275130272,
        0.016867708414793015,
        0.015188094228506088,
        0.011850607581436634,
        0.010274771600961685,
        0.007973370142281055,
        0.006562959868460894,
        0.00502520427107811,
        0.003686042269691825,
        0.002545732306316495,
        0.0018978805746883154,
        0.0014225629856809974
      ],
      "std_spectrum": [
        0.007668618578463793,
        0.0032560711260885,
        0.0017689699307084084,
        0.001261262223124504,
        0.0011174579849466681,
        0.0008269845275208354,
        0.0007214815123006701,
        0.0006444399477913976,
        0.0005287773674353957,
        0.0004139658994972706,
        0.00031875987770035863,
        0.0002693546121008694,
        0.00020160642452538013,
        0.0001496293698437512,
        8.963115396909416e-05,
        6.127769302111119e-05,
        4.7865050873951986e-05
      ],
      "cross_token_similarity": {
        "mean": 0.9998724306821823,
        "std": 0.00016056027553934985,
        "min": 0.9987286329269409,
        "n_pairs": 1000
      },
      "metrics": {
        "low_freq_ratio_mean": 0.8688567518591881,
        "low_freq_ratio_std": 0.004675167731274864,
        "dc_ratio_mean": 0.5187442038655281,
        "dc_ratio_std": 0.007668618420321151,
        "centroid_mean": 1.4432636019715575,
        "centroid_std": 0.03832788797383856,
        "entropy_mean": 1.5451968482732772,
        "entropy_std": 0.022038110171910163,
        "normalized_entropy_mean": 0.5453866901745814,
        "normalized_entropy_std": 0.007778485943581976,
        "top3_ratio_mean": 0.8282237610816956,
        "top3_ratio_std": 0.005636811866921666,
        "n_frequencies": 17
      },
      "n_tokens_analyzed": 1000
    },
    "128": {
      "mean_spectrum": [
        0.5267450213432312,
        0.32851454615592957,
        0.07328710705041885,
        0.028880316764116287,
        0.013248073868453503,
        0.007789814379066229,
        0.005005459301173687,
        0.003609556006267667,
        0.0027457689866423607,
        0.0021617524325847626,
        0.0017745638033375144,
        0.0014377351617440581,
        0.0012150300899520516,
        0.0010585656855255365,
        0.00091524951858446,
        0.0008355515310540795,
        0.0007755316328257322
      ],
      "std_spectrum": [
        0.03921060636639595,
        0.02400750294327736,
        0.013234802521765232,
        0.008752983063459396,
        0.00483804801478982,
        0.0034075616858899593,
        0.002338178688660264,
        0.0018486658809706569,
        0.0013902699574828148,
        0.0010887958342209458,
        0.0008446334395557642,
        0.000651151523925364,
        0.0004720385477412492,
        0.00035940681118518114,
        0.0002480443799868226,
        0.00019560025248210877,
        0.00015447022451553494
      ],
      "cross_token_similarity": {
        "mean": 0.9962001485228539,
        "std": 0.00433245824647785,
        "min": 0.9760551452636719,
        "n_pairs": 1000
      },
      "metrics": {
        "low_freq_ratio_mean": 0.9574273463487625,
        "low_freq_ratio_std": 0.017632664280140774,
        "dc_ratio_mean": 0.5267453359365464,
        "dc_ratio_std": 0.03921061341375329,
        "centroid_mean": 0.8500504702276085,
        "centroid_std": 0.15369897938674237,
        "entropy_mean": 1.2140052535533905,
        "entropy_std": 0.12271429721784034,
        "normalized_entropy_mean": 0.4284905886456612,
        "normalized_entropy_std": 0.04331276268879717,
        "top3_ratio_mean": 0.9285470204353332,
        "top3_ratio_std": 0.02603603248928482,
        "n_frequencies": 17
      },
      "n_tokens_analyzed": 1000
    },
    "512": {
      "mean_spectrum": [
        0.5855157971382141,
        0.3038293123245239,
        0.05275442823767662,
        0.019728025421500206,
        0.010257742367684841,
        0.006800622679293156,
        0.004714449867606163,
        0.003700201166793704,
        0.0028094497974961996,
        0.002372913295403123,
        0.0018244822276756167,
        0.0014817501651123166,
        0.0011662680190056562,
        0.0009694877080619335,
        0.0008078948594629765,
        0.0006701266393065453,
        0.0005969550693407655
      ],
      "std_spectrum": [
        0.014531549997627735,
        0.012434269301593304,
        0.006394552532583475,
        0.0036018406972289085,
        0.0019138994393870234,
        0.0015602156054228544,
        0.0011832289164885879,
        0.0010651666671037674,
        0.0008748213294893503,
        0.0007785914931446314,
        0.0005785905523225665,
        0.00047872323193587363,
        0.0003385553427506238,
        0.0002461784752085805,
        0.00017165153985843062,
        0.00011715917935362086,
        9.77563759079203e-05
      ],
      "cross_token_similarity": {
        "mean": 0.9993364758491516,
        "std": 0.0008292608656773177,
        "min": 0.9921808242797852,
        "n_pairs": 1000
      },
      "metrics": {
        "low_freq_ratio_mean": 0.9618276631236077,
        "low_freq_ratio_std": 0.009065047732637634,
        "dc_ratio_mean": 0.5855158138871193,
        "dc_ratio_std": 0.014531547291653504,
        "centroid_mean": 0.7336326552841638,
        "centroid_std": 0.0764796009259378,
        "entropy_mean": 1.1142741924524306,
        "entropy_std": 0.061663377346577355,
        "normalized_entropy_mean": 0.39328989989054686,
        "normalized_entropy_std": 0.021764466652658063,
        "top3_ratio_mean": 0.9420996245145797,
        "top3_ratio_std": 0.012386502896021404,
        "n_frequencies": 17
      },
      "n_tokens_analyzed": 1000
    },
    "2000": {
      "mean_spectrum": [
        0.6095684766769409,
        0.24085354804992676,
        0.07031533867120743,
        0.025029998272657394,
        0.014677883125841618,
        0.008841222152113914,
        0.006956043187528849,
        0.004438367206603289,
        0.0036802322138100863,
        0.002891034819185734,
        0.002531309612095356,
        0.0023010375443845987,
        0.002022037049755454,
        0.001776803401298821,
        0.0015186300734058022,
        0.001393732731230557,
        0.001203668536618352
      ],
      "std_spectrum": [
        0.03025182895362377,
        0.02843354269862175,
        0.006754765287041664,
        0.0030278118792921305,
        0.001276166527532041,
        0.0009869692148640752,
        0.0007511210860684514,
        0.0005657388246618211,
        0.000466149824205786,
        0.00035096853389404714,
        0.0003507231594994664,
        0.00029305994394235313,
        0.00033116727718152106,
        0.0002587101189419627,
        0.00018036809342447668,
        0.0001789858506526798,
        0.00014807509433012456
      ],
      "cross_token_similarity": {
        "mean": 0.9968214524388314,
        "std": 0.004010716234402619,
        "min": 0.9710901975631714,
        "n_pairs": 1000
      },
      "metrics": {
        "low_freq_ratio_mean": 0.9457680011987686,
        "low_freq_ratio_std": 0.004374683555976741,
        "dc_ratio_mean": 0.6095689998865128,
        "dc_ratio_std": 0.03025183476316672,
        "centroid_mean": 0.8471708938399679,
        "centroid_std": 0.059654380820896684,
        "entropy_mean": 1.2001828776597976,
        "entropy_std": 0.04790343417820675,
        "normalized_entropy_mean": 0.423611896427657,
        "normalized_entropy_std": 0.016907810447350572,
        "top3_ratio_mean": 0.9207380048632622,
        "top3_ratio_std": 0.0063151536399904794,