{
  "model": "160m",
  "model_name": "EleutherAI/pythia-160m",
  "d_model": 768,
  "n_layers": 12,
  "n_sequences": 200,
  "seq_len": 128,
  "positions_per_seq": 5,
  "n_dct_frequencies": 13,
  "checkpoints": {
    "0": {
      "mean_spectrum": [
        0.5260859727859497,
        0.266471803188324,
        0.060466330498456955,
        0.0430220402777195,
        0.026077404618263245,
        0.02269746921956539,
        0.015359642915427685,
        0.012865363620221615,
        0.00916243065148592,
        0.007013120222836733,
        0.004746952559798956,
        0.003463159780949354,
        0.002568002324551344
      ],
      "std_spectrum": [
        0.011463720351457596,
        0.005288904998451471,
        0.003269944107159972,
        0.0021640120539814234,
        0.0018066465854644775,
        0.0013748627388849854,
        0.0010081714717671275,
        0.000829999684356153,
        0.0005836418131366372,
        0.00042416524956934154,
        0.0002906716545112431,
        0.00018437243124935776,
        0.00013491159188561141
      ],
      "cross_token_similarity": {
        "mean": 0.9996812356114387,
        "std": 0.0003616265555387499,
        "min": 0.9966291785240173,
        "n_pairs": 1000
      },
      "metrics": {
        "low_freq_ratio_mean": 0.8530244180560111,
        "low_freq_ratio_std": 0.007153806332221437,
        "dc_ratio_mean": 0.5260861886143684,
        "dc_ratio_std": 0.011463721624041105,
        "centroid_mean": 1.1692808708769735,
        "centroid_std": 0.04321772112360764,
        "entropy_mean": 1.434050641655922,
        "entropy_std": 0.029021275754831443,
        "normalized_entropy_mean": 0.5590951094157914,
        "normalized_entropy_std": 0.011314560917316916,
        "top3_ratio_mean": 0.8530244174599647,
        "top3_ratio_std": 0.007153809145611303,
        "n_frequencies": 13
      },
      "n_tokens_analyzed": 1000
    },
    "128": {
      "mean_spectrum": [
        0.5130732655525208,
        0.3407343924045563,
        0.07890412211418152,
        0.028839869424700737,
        0.012797520495951176,
        0.0070275794714689255,
        0.004800155758857727,
        0.003625389188528061,
        0.002897273749113083,
        0.0023168204352259636,
        0.001893641659989953,
        0.0016444080974906683,
        0.0014460720121860504
      ],
      "std_spectrum": [
        0.039679042994976044,
        0.028377296403050423,
        0.014720635488629341,
        0.009835395961999893,
        0.005770134273916483,
        0.0033120703883469105,
        0.001921469927765429,
        0.0013509673299267888,
        0.0009748726733960211,
        0.0006222788360901177,
        0.0004464680387172848,
        0.0003137652238365263,
        0.00025280340923927724
      ],
      "cross_token_similarity": {
        "mean": 0.9949424570202827,
        "std": 0.005280416454437989,
        "min": 0.9666738510131836,
        "n_pairs": 1000
      },
      "metrics": {
        "low_freq_ratio_mean": 0.9327112754583359,
        "low_freq_ratio_std": 0.02337504322370357,
        "dc_ratio_mean": 0.5130730694532395,
        "dc_ratio_std": 0.039679070343813926,
        "centroid_mean": 0.8239758880274604,
        "centroid_std": 0.11996105427556372,
        "entropy_mean": 1.202998042345047,
        "entropy_std": 0.10039626672396726,
        "normalized_entropy_mean": 0.46901434480391563,
        "normalized_entropy_std": 0.03914161752625277,
        "top3_ratio_mean": 0.9327112752795219,
        "top3_ratio_std": 0.023375043473417324,
        "n_frequencies": 13
      },
      "n_tokens_analyzed": 1000
    },
    "512": {
      "mean_spectrum": [
        0.5056195259094238,
        0.3074069917201996,
        0.07486597448587418,
        0.03977125883102417,
        0.0218377523124218,
        0.014428241178393364,
        0.01034048292785883,
        0.008188318461179733,
        0.005890869535505772,
        0.004317757207900286,
        0.0030413607601076365,
        0.002454014029353857,
        0.0018376109655946493
      ],
      "std_spectrum": [
        0.021208729594945908,
        0.012110816314816475,
        0.009314559400081635,
        0.005643310025334358,
        0.0034650966990739107,
        0.0026574875228106976,
        0.002094838535413146,
        0.0017703349003568292,
        0.0013073162408545613,
        0.0008570243371650577,
        0.0005245230277068913,
        0.0003722630790434778,
        0.0002240734320366755
      ],
      "cross_token_similarity": {
        "mean": 0.9986951748132705,
        "std": 0.0012743054385647304,
        "min": 0.9918063879013062,
        "n_pairs": 1000
      },
      "metrics": {
        "low_freq_ratio_mean": 0.8878923563361167,
        "low_freq_ratio_std": 0.01765430088885768,
        "dc_ratio_mean": 0.5056194056272507,
        "dc_ratio_std": 0.021208733854648443,
        "centroid_mean": 1.0207519135709153,
        "centroid_std": 0.09863112730953698,
        "entropy_mean": 1.355837836742401,
        "entropy_std": 0.07002152244872135,
        "normalized_entropy_mean": 0.5286021857695616,
        "normalized_entropy_std": 0.027299378151473454,
        "top3_ratio_mean": 0.8878923569321633,
        "top3_ratio_std": 0.01765430050447696,
        "n_frequencies": 13
      },
      "n_tokens_analyzed": 1000
    },
    "2000": {
      "mean_spectrum": [
        0.5663199424743652,
        0.2553032636642456,
        0.07915292680263519,
        0.03447042405605316,
        0.01820717193186283,
        0.013012334704399109,
        0.008848252706229687,
        0.00610154215246439,
        0.005521304439753294,
        0.004193728324025869,
        0.0028783786110579967,
        0.003222256200388074,
        0.0027682953514158726
      ],
      "std_spectrum": [
        0.030673164874315262,
        0.03105597198009491,
        0.016112711280584335,
        0.004597713705152273,
        0.002394197741523385,
        0.0022444811183959246,
        0.0013309683417901397,
        0.0011273116106167436,
        0.0009247083216905594,
        0.0006953009869903326,
        0.00040391410584561527,
        0.0004494487657211721,
        0.0004006289236713201
      ],
      "cross_token_similarity": {
        "mean": 0.9954036625027657,
        "std": 0.009469249919562897,
        "min": 0.8887128233909607,
        "n_pairs": 1000
      },
      "metrics": {
        "low_freq_ratio_mean": 0.90077632021904,
        "low_freq_ratio_std": 0.012087719699308783,
        "dc_ratio_mean": 0.5663201341927051,
        "dc_ratio_std": 0.030673160998378694,
        "centroid_mean": 0.9300731882305118,
        "centroid_std": 0.07399163537791197,
        "entropy_mean": 1.2878309614658356,
        "entropy_std": 0.05586493455466171,
        "normalized_entropy_mean": 0.5020882606198386,
        "normalized_entropy_std": 0.021780131600707225,
        "top3_ratio_mean": 0.9007763205170631,
        "top3_ratio_std": 0.012087720958446633,
        "n_frequencies": 13
      },
      "n_tokens_analyzed": 1000
    },
    "8000": {
      "mean_spectrum": [
        0.5906543135643005,
        0.22603283822536469,
        0.07549166679382324,
        0.02554628998041153,
        0.02182750031352043,
        0.014356612227857113,
        0.013504015281796455,
        0.008076918311417103,
        0.007401727139949799,
        0.005048889666795731,
        0.00467786705121398,
        0.004050649236887693,
        0.003330918960273266
      ],
      "std_spectrum": [
        0.04052821174263954,
        0.03298863396048546,
        0.012759164907038212,
        0.004542484413832426,
        0.003157841507345438,
        0.002467522630468011,
        0.0025144692044705153,
        0.0015064741019159555,
        0.001088309451006353,
        0.0008991629001684487,
        0.0008980330894701183,
        0.000762368377763778,
        0.0006845375173725188
      ],
      "cross_token_similarity": {
        "mean": 0.9950405247807502,