{
  "model": "1.4b",
  "model_name": "EleutherAI/pythia-1.4b",
  "d_model": 2048,
  "n_layers": 24,
  "n_sequences": 200,
  "seq_len": 128,
  "positions_per_seq": 5,
  "n_dct_frequencies": 25,
  "checkpoints": {
    "0": {
      "mean_spectrum": [
        0.5040091872215271,
        0.23871712386608124,
        0.05105876922607422,
        0.0373263917863369,
        0.02245105616748333,
        0.020832302048802376,
        0.01615576632320881,
        0.015356685034930706,
        0.01296435110270977,
        0.012215591967105865,
        0.010591862723231316,
        0.009786593727767467,
        0.008441247045993805,
        0.007625948637723923,
        0.006509906146675348,
        0.005745366215705872,
        0.004728434607386589,
        0.003935869317501783,
        0.00317549635656178,
        0.0025236383080482483,
        0.0019146950216963887,
        0.0014733078423887491,
        0.0010548550635576248,
        0.0007716604741290212,
        0.0006337941158562899
      ],
      "std_spectrum": [
        0.007920411415398121,
        0.0032461925875395536,
        0.0017892821924760938,
        0.0010657028760761023,
        0.0008178516291081905,
        0.000691701250616461,
        0.000624223961494863,
        0.0005757030448876321,
        0.000503118266351521,
        0.0004566317657008767,
        0.0004323192697484046,
        0.0003831753565464169,
        0.00034748093457892537,
        0.0003007734485436231,
        0.00025400007143616676,
        0.0002203312615165487,
        0.00018127780640497804,
        0.0001529874571133405,
        0.00012319318193476647,
        9.881140431389213e-05,
        6.978937744861469e-05,
        5.1737079047597945e-05,
        3.340309194754809e-05,
        2.7197809686185792e-05,
        1.9337165213073604e-05
      ],
      "cross_token_similarity": {
        "mean": 0.9998802985548974,
        "std": 0.000138778291601029,
        "min": 0.9989669919013977,
        "n_pairs": 1000
      },
      "metrics": {
        "low_freq_ratio_mean": 0.8743949198722839,
        "low_freq_ratio_std": 0.0044269376874832645,
        "dc_ratio_mean": 0.5040091617405414,
        "dc_ratio_std": 0.007920412575314537,
        "centroid_mean": 2.0292611893626744,
        "centroid_std": 0.05765844868582401,
        "entropy_mean": 1.7213085213899613,
        "entropy_std": 0.026214155033443633,
        "normalized_entropy_mean": 0.5347545587473669,
        "normalized_entropy_std": 0.00814388515112011,
        "top3_ratio_mean": 0.7937851706147194,
        "top3_ratio_std": 0.006426978598659029,
        "n_frequencies": 25
      },
      "n_tokens_analyzed": 1000
    },
    "128": {
      "mean_spectrum": [
        0.5175879001617432,
        0.335960328578949,
        0.0765363797545433,
        0.027835430577397346,
        0.012324723415076733,
        0.007047741673886776,
        0.0044971248134970665,
        0.00326886516995728,
        0.0025308835320174694,
        0.0019792683888226748,
        0.001623504445888102,
        0.0013647082960233092,
        0.0011390382423996925,
        0.000983704929240048,
        0.0008515722583979368,
        0.0007441140478476882,
        0.000637748627923429,
        0.0005580933066084981,
        0.0004895546589978039,
        0.00043433764949440956,
        0.0003842798760160804,
        0.00034326151944696903,
        0.00031458173179998994,
        0.0002904305001720786,
        0.000272162928013131
      ],
      "std_spectrum": [
        0.040259309113025665,
        0.03280362859368324,
        0.01285012811422348,
        0.008063330315053463,
        0.004370629787445068,
        0.0031057847663760185,
        0.002232564613223076,
        0.0018406464951112866,
        0.0014867347199469805,
        0.0012657076586037874,
        0.0010721947764977813,
        0.0009306221618317068,
        0.000773922074586153,
        0.0006752710323780775,
        0.0005739316111430526,
        0.000497526372782886,
        0.00040366381290368736,
        0.00033189449459314346,
        0.0002595007244963199,
        0.00022142073430586606,
        0.00017024276894517243,
        0.00013103474339004606,
        9.506967035122216e-05,
        7.596754585392773e-05,
        6.40674406895414e-05
      ],
      "cross_token_similarity": {
        "mean": 0.9945023110508919,
        "std": 0.0059213689918461015,
        "min": 0.9692646861076355,
        "n_pairs": 1000
      },
      "metrics": {
        "low_freq_ratio_mean": 0.97729276907444,
        "low_freq_ratio_std": 0.013023568643105145,
        "dc_ratio_mean": 0.5175879781544208,
        "dc_ratio_std": 0.04025931436576599,
        "centroid_mean": 0.8975722762675578,
        "centroid_std": 0.18665462034433075,
        "entropy_mean": 1.227300676703453,
        "entropy_std": 0.1294956945203966,
        "normalized_entropy_mean": 0.3812823928222537,
        "normalized_entropy_std": 0.04023009944029105,
        "top3_ratio_mean": 0.9300848525166512,
        "top3_ratio_std": 0.027802441620504856,
        "n_frequencies": 25
      },
      "n_tokens_analyzed": 1000
    },
    "512": {
      "mean_spectrum": [
        0.6097034215927124,
        0.294839471578598,
        0.054977644234895706,
        0.017207548022270203,
        0.006425542291253805,
        0.0038583921268582344,
        0.002487208228558302,
        0.0018797629745677114,
        0.0014273039996623993,
        0.0011617452837526798,
        0.0009548437083140016,
        0.0007925736717879772,
        0.0006809840560890734,
        0.0005783840315416455,
        0.00048183175385929644,
        0.00041371671250090003,
        0.0003500374441500753,
        0.00031333742663264275,
        0.00027799056260846555,
        0.00025373860262334347,
        0.00022387906210497022,
        0.00020103911811020225,
        0.0001786339416867122,
        0.00016919316840358078,
        0.00016176175267901272
      ],
      "std_spectrum": [
        0.01646585948765278,
        0.016080299392342567,
        0.006062312982976437,
        0.003011324442923069,
        0.0011205982882529497,
        0.0007537186029367149,
        0.0005476209917105734,
        0.0005280971527099609,
        0.0004149911692366004,
        0.0003786692104768008,
        0.0003226222179364413,
        0.0002997238771058619,
        0.00025629604351706803,
        0.00022059681941755116,
        0.00018660924979485571,
        0.0001630359620321542,
        0.00013400531315710396,
        0.00011559390259208158,
        8.878071821527556e-05,
        7.731932419119403e-05,
        5.534065348911099e-05,
        4.230104968883097e-05,
        3.1914340070215985e-05,
        2.7055841201217845e-05,
        2.6414745661895722e-05
      ],
      "cross_token_similarity": {
        "mean": 0.9989740849137306,
        "std": 0.0011524029075642248,
        "min": 0.9923095703125,
        "n_pairs": 1000
      },
      "metrics": {
        "low_freq_ratio_mean": 0.9870120347142219,
        "low_freq_ratio_std": 0.0038328058497291606,
        "dc_ratio_mean": 0.6097033342719078,
        "dc_ratio_std": 0.016465858463684455,
        "centroid_mean": 0.6394315852724176,
        "centroid_std": 0.05753044749532401,
        "entropy_mean": 1.0331179910302162,
        "entropy_std": 0.04703683478361556,
        "normalized_entropy_mean": 0.32095614967455854,
        "normalized_entropy_std": 0.014612814331084528,
        "top3_ratio_mean": 0.9595205483436584,
        "top3_ratio_std": 0.008259258403602705,
        "n_frequencies": 25
      },
      "n_tokens_analyzed": 1000
    },