{
  "410m": {
    "model": "410m",
    "model_name": "EleutherAI/pythia-410m",
    "d_model": 1024,
    "n_layers": 24,
    "d_ff": 4096,
    "n_sequences": 100,
    "seq_len": 128,
    "positions_per_seq": 5,
    "checkpoints": {
      "0": {
        "gram": {
          "gram_eigvals": [
            2029.1916528752563,
            214.39355387279494,
            69.57173264770104,
            32.329364594027254,
            19.77967452703128,
            13.132115851944887,
            9.010239071350894,
            6.708889670704085,
            5.332264860828927,
            4.19846673818303,
            3.67539279842383,
            3.122726232020186,
            2.6671013956355765,
            2.3617232938887294,
            2.1814936298222083,
            2.0386641327492376,
            1.796710795595459,
            1.6749882331946826,
            1.542539110541445,
            1.48934917050584,
            1.4531710143649628,
            1.4121275363774441,
            1.350046304907484,
            1.2840187040755742,
            0.3594861991137589
          ],
          "gram_eigvals_frac": [
            0.8343518434485702,
            0.08815316022209822,
            0.028606121705788856,
            0.01329301000638691,
            0.008132897590553908,
            0.005399591041055782,
            0.0037047804570069847,
            0.0027585242903564876,
            0.002192491285919038,
            0.0017263024208171538,
            0.001511227760284424,
            0.001283985366576618,
            0.00109664405674036,
            0.0009710803714274034,
            0.0008969745311806505,
            0.0008382466855319619,
            0.0007387616454684748,
            0.0006887124329239292,
            0.0006342527324356638,
            0.0006123823859561959,
            0.0005975068510475341,
            0.000580630819908778,
            0.0005551046012063088,
            0.0005279557360931834,
            0.00014781155466507483
          ],
          "dct_energy_frac": [
            0.5008279837360705,
            0.23467590330399415,
            0.052008192656972665,
            0.03843449288458202,
            0.022349439869286218,
            0.021347216909409265,
            0.017128143538624577,
            0.01618730302823677,
            0.013417634454520124,
            0.012445743076632983,
            0.010869834463674425,
            0.010182480685244038,
            0.008874670576937922,
            0.0079746531361905,
            0.006761465220177296,
            0.005918718620850101,
            0.0048804194631785185,
            0.00405992154982404,
            0.0031803138785432396,
            0.0025650567721715316,
            0.0019409253769125624,
            0.0014700960129882465,
            0.0010587816538626782,
            0.0008139023334074805,
            0.0006267067977081155
          ],
          "gram_top2_frac": 0.9225050036706683,
          "dct_top2_frac": 0.7355038870400646,
          "gram_max_min_ratio": 5644.699734966442,
          "dct_max_min_ratio": 799.1424148689842,
          "gram_effective_rank": 2.0867096455748024,
          "n_eigenvalues_for_90pct": 2,
          "n_eigenvalues_for_95pct": 3,
          "dct_diagonality": 0.4431483038277645,
          "gram_dct_correlation": 0.9422606952897552,
          "n_tokens": 500,
          "n_points": 25
        },
        "weight_svd": {
          "per_layer_effective_rank": [
            570.9863891601562,
            570.841552734375,
            570.8282470703125,
            570.9891357421875,
            571.1930541992188,
            571.4270629882812,
            570.2406005859375,
            571.8125,
            570.9956665039062,
            570.6080932617188,
            571.7337036132812,
            571.8225708007812,
            570.5133666992188,
            571.4456176757812,
            572.1812744140625,
            570.8072509765625,
            571.4063720703125,
            571.1206665039062,
            571.1824340820312,
            571.0253295898438,
            570.5133666992188,
            571.8204345703125,
            571.0413818359375,
            570.8271484375
          ],
          "per_layer_top10_energy": [
            0.044778481125831604,
            0.04454261064529419,
            0.04443177580833435,
            0.04490932077169418,
            0.044500768184661865,
            0.04450658708810806,
            0.04479120671749115,
            0.044722918421030045,
            0.044377900660037994,
            0.04459375515580177,
            0.04461238905787468,
            0.044530145823955536,
            0.04455959424376488,
            0.04437118023633957,
            0.044265080243349075,
            0.04477815702557564,
            0.044178418815135956,
            0.04457756131887436,
            0.04468877613544464,
            0.044412076473236084,
            0.044183455407619476,
            0.04448951408267021,
            0.04440978541970253,
            0.04427839443087578
          ],
          "mean_effective_rank": 571.1401341756185,
          "mean_top10_energy": 0.044520410553862654
        }
      },
      "512": {
        "gram": {
          "gram_eigvals": [
            5454.448052959445,
            640.1789652315299,
            177.97693478716025,
            69.41953175738978,
            34.74165609756806,
            21.08504033308015,
            14.479126911042327,
            10.613832036364498,
            8.2242620152948,
            6.043248476373832,
            4.45235414208013,
            3.957013315330407,
            3.5035305350146886,
            2.77718390040966,
            2.4279066126387145,
            2.1387072114249053,
            1.9463806352546895,
            1.8506126665008795,
            1.7280488647679069,
            1.5857834394766237,
            1.4355518929995579,
            1.3820092932776693,
            1.3359203670894129,
            1.3105511194538386,
            0.36573382719774283
          ],
          "gram_eigvals_frac": [
            0.8431139456456473,
            0.09895479946918764,
            0.027510544470380427,
            0.010730430422394452,
            0.005370144598735728,
            0.003259191649955383,
            0.0022380914990746794,
            0.0016406187610026146,
            0.0012712542003175949,
            0.0009341269763616304,
            0.0006882166319476047,
            0.0006116499922389836,
            0.0005415535035600059,
            0.0004292794529022104,
            0.0003752903875819908,
            0.0003305877804862208,
            0.0003008591595674812,
            0.00028605595506016454,
            0.00026711082083776596,
            0.0002451203347461054,
            0.00022189849622442347,
            0.00021362222114152966,
            0.00020649808758450212,
            0.00020257667037337196,
            5.653281268990482e-05
          ],
          "dct_energy_frac": [
            0.5592274902598535,
            0.3184695322979103,
            0.065498696637586,
            0.023453917158020893,
            0.010252142500200446,
            0.005543700162614153,
            0.0034848130988068353,
            0.00243198539181407,
            0.001873138656888071,
            0.001589409697156712,
            0.0012302490994479547,
            0.0010341630189298497,
            0.0008874690713953795,
            0.0007961300899299317,
            0.0006636490966453026,
            0.0005729668920873155,
            0.0004964543791496848,
            0.00045756655159318136,
            0.00039902928211570267,
            0.0003517574393934642,
            0.0003044454998076326,
            0.00026395713259275063,
            0.0002528950387624977,
            0.00024138903358969033,
            0.00022305251370876883
          ],
          "gram_top2_frac": 0.942068745114835,
          "dct_top2_frac": 0.8776970225577638,
          "gram_max_min_ratio": 14913.709499214254,